{
    "fpr": [
        0.0,
        0.0,
        0.0,
        0.041666666666666664,
        0.041666666666666664,
        0.08333333333333333,
        0.08333333333333333,
        0.125,
        0.125,
        0.16666666666666666,
        0.16666666666666666,
        0.20833333333333334,
        0.20833333333333334,
        0.25,
        0.25,
        0.3333333333333333,
        0.3333333333333333,
        0.375,
        0.375,
        0.5,
        0.5,
        0.5416666666666666,
        0.5416666666666666,
        0.6666666666666666,
        0.6666666666666666,
        0.75,
        0.75,
        0.9166666666666666,
        0.9166666666666666,
        1.0
    ],
    "tpr": [
        0.0,
        0.01639344262295082,
        0.4918032786885246,
        0.4918032786885246,
        0.6065573770491803,
        0.6065573770491803,
        0.6885245901639344,
        0.6885245901639344,
        0.7049180327868853,
        0.7049180327868853,
        0.7377049180327869,
        0.7377049180327869,
        0.7540983606557377,
        0.7540983606557377,
        0.7868852459016393,
        0.7868852459016393,
        0.8852459016393442,
        0.8852459016393442,
        0.9016393442622951,
        0.9016393442622951,
        0.9180327868852459,
        0.9180327868852459,
        0.9344262295081968,
        0.9344262295081968,
        0.9508196721311475,
        0.9508196721311475,
        0.9836065573770492,
        0.9836065573770492,
        1.0,
        1.0
    ]
}