{
    "binaryAUC": 0.8627049180327869,
    "accuracy": 0.8117647171020508,
    "precision": 0.6666666865348816,
    "recall": 0.6666666865348816,
    "confusion_matrix": [
        [
            16.0,
            8.0
        ],
        [
            8.0,
            53.0
        ]
    ],
    "pixelAUC": 0.7857516937033959,
    "rdr": 0.43568819761276245
}