{
    "fpr": [
        0.0,
        0.0,
        0.0,
        0.041666666666666664,
        0.041666666666666664,
        0.125,
        0.125,
        0.20833333333333334,
        0.20833333333333334,
        0.2916666666666667,
        0.2916666666666667,
        0.375,
        0.375,
        0.4583333333333333,
        0.4583333333333333,
        0.5833333333333334,
        0.5833333333333334,
        0.8333333333333334,
        0.8333333333333334,
        0.9583333333333334,
        0.9583333333333334,
        1.0
    ],
    "tpr": [
        0.0,
        0.01639344262295082,
        0.5573770491803278,
        0.5573770491803278,
        0.8524590163934426,
        0.8524590163934426,
        0.8688524590163934,
        0.8688524590163934,
        0.9016393442622951,
        0.9016393442622951,
        0.9180327868852459,
        0.9180327868852459,
        0.9344262295081968,
        0.9344262295081968,
        0.9508196721311475,
        0.9508196721311475,
        0.9672131147540983,
        0.9672131147540983,
        0.9836065573770492,
        0.9836065573770492,
        1.0,
        1.0
    ]
}