{
    "binaryAUC": 0.921448087431694,
    "accuracy": 0.8588235378265381,
    "precision": 0.7307692170143127,
    "recall": 0.7916666865348816,
    "confusion_matrix": [
        [
            19.0,
            5.0
        ],
        [
            7.0,
            54.0
        ]
    ],
    "pixelAUC": 0.7138509956324268,
    "rdr": 0.10382235050201416
}