{
    "fpr": [
        0.0,
        0.0,
        0.0,
        0.041666666666666664,
        0.041666666666666664,
        0.125,
        0.125,
        0.16666666666666666,
        0.16666666666666666,
        0.5,
        0.5,
        0.5416666666666666,
        0.5416666666666666,
        0.625,
        0.625,
        1.0,
        1.0
    ],
    "tpr": [
        0.0,
        0.01639344262295082,
        0.32786885245901637,
        0.32786885245901637,
        0.8032786885245902,
        0.8032786885245902,
        0.819672131147541,
        0.819672131147541,
        0.9344262295081968,
        0.9344262295081968,
        0.9508196721311475,
        0.9508196721311475,
        0.9672131147540983,
        0.9672131147540983,
        0.9836065573770492,
        0.9836065573770492,
        1.0
    ]
}