{
    "binaryAUC": 0.9153005464480874,
    "accuracy": 0.8941176533699036,
    "precision": 0.800000011920929,
    "recall": 0.8333333134651184,
    "confusion_matrix": [
        [
            20.0,
            4.0
        ],
        [
            5.0,
            56.0
        ]
    ],
    "pixelAUC": 0.706037642255196,
    "rdr": 0.033879779279232025
}