{
    "fpr": [
        0.0,
        0.0,
        0.041666666666666664,
        0.041666666666666664,
        0.08333333333333333,
        0.08333333333333333,
        0.125,
        0.125,
        0.16666666666666666,
        0.16666666666666666,
        0.20833333333333334,
        0.20833333333333334,
        0.25,
        0.25,
        0.3333333333333333,
        0.3333333333333333,
        0.4166666666666667,
        0.4166666666666667,
        0.5833333333333334,
        0.5833333333333334,
        0.625,
        0.625,
        0.7916666666666666,
        0.7916666666666666,
        0.8333333333333334,
        0.8333333333333334,
        1.0
    ],
    "tpr": [
        0.0,
        0.01639344262295082,
        0.01639344262295082,
        0.18032786885245902,
        0.18032786885245902,
        0.3442622950819672,
        0.3442622950819672,
        0.5409836065573771,
        0.5409836065573771,
        0.7540983606557377,
        0.7540983606557377,
        0.7704918032786885,
        0.7704918032786885,
        0.8032786885245902,
        0.8032786885245902,
        0.8524590163934426,
        0.8524590163934426,
        0.9016393442622951,
        0.9016393442622951,
        0.9180327868852459,
        0.9180327868852459,
        0.9508196721311475,
        0.9508196721311475,
        0.9836065573770492,
        0.9836065573770492,
        1.0,
        1.0
    ]
}