{
    "binaryAUC": 0.8012295081967213,
    "accuracy": 0.800000011920929,
    "precision": 0.6666666865348816,
    "recall": 0.5833333134651184,
    "confusion_matrix": [
        [
            14.0,
            10.0
        ],
        [
            7.0,
            54.0
        ]
    ],
    "pixelAUC": 0.6522690801432158,
    "rdr": 0.1989755928516388
}