{
    "fpr": [
        0.0,
        0.0,
        0.0,
        0.041666666666666664,
        0.041666666666666664,
        0.08333333333333333,
        0.08333333333333333,
        0.125,
        0.125,
        0.16666666666666666,
        0.16666666666666666,
        0.20833333333333334,
        0.20833333333333334,
        0.25,
        0.25,
        0.4583333333333333,
        0.4583333333333333,
        0.5416666666666666,
        0.5416666666666666,
        0.625,
        0.625,
        0.75,
        0.75,
        0.7916666666666666,
        0.7916666666666666,
        0.875,
        0.875,
        1.0,
        1.0
    ],
    "tpr": [
        0.0,
        0.01639344262295082,
        0.03278688524590164,
        0.03278688524590164,
        0.11475409836065574,
        0.11475409836065574,
        0.2786885245901639,
        0.2786885245901639,
        0.4918032786885246,
        0.4918032786885246,
        0.7213114754098361,
        0.7213114754098361,
        0.8032786885245902,
        0.8032786885245902,
        0.8688524590163934,
        0.8688524590163934,
        0.9016393442622951,
        0.9016393442622951,
        0.9180327868852459,
        0.9180327868852459,
        0.9344262295081968,
        0.9344262295081968,
        0.9508196721311475,
        0.9508196721311475,
        0.9672131147540983,
        0.9672131147540983,
        0.9836065573770492,
        0.9836065573770492,
        1.0
    ]
}