{
    "binaryAUC": 0.7943989071038251,
    "accuracy": 0.8235294222831726,
    "precision": 0.6666666865348816,
    "recall": 0.75,
    "confusion_matrix": [
        [
            18.0,
            6.0
        ],
        [
            9.0,
            52.0
        ]
    ],
    "pixelAUC": 0.6678446194030863,
    "rdr": 0.2399466633796692
}