{
    "fpr": [
        0.0,
        0.0,
        0.0,
        0.041666666666666664,
        0.041666666666666664,
        0.08333333333333333,
        0.08333333333333333,
        0.125,
        0.125,
        0.16666666666666666,
        0.16666666666666666,
        0.20833333333333334,
        0.20833333333333334,
        0.5416666666666666,
        0.5416666666666666,
        0.7916666666666666,
        0.7916666666666666,
        1.0
    ],
    "tpr": [
        0.0,
        0.01639344262295082,
        0.3114754098360656,
        0.3114754098360656,
        0.6065573770491803,
        0.6065573770491803,
        0.6885245901639344,
        0.6885245901639344,
        0.7377049180327869,
        0.7377049180327869,
        0.8688524590163934,
        0.8688524590163934,
        0.9508196721311475,
        0.9508196721311475,
        0.9672131147540983,
        0.9672131147540983,
        1.0,
        1.0
    ]
}