{
    "binaryAUC": 0.9009562841530054,
    "accuracy": 0.8941176533699036,
    "precision": 0.8260869383811951,
    "recall": 0.7916666865348816,
    "confusion_matrix": [
        [
            19.0,
            5.0
        ],
        [
            4.0,
            57.0
        ]
    ],
    "pixelAUC": 0.6784817579375106,
    "rdr": 0.29485172033309937
}