{
    "fpr": [
        0.0,
        0.0,
        0.0,
        0.041666666666666664,
        0.041666666666666664,
        0.16666666666666666,
        0.16666666666666666,
        0.20833333333333334,
        0.20833333333333334,
        0.2916666666666667,
        0.2916666666666667,
        0.375,
        0.375,
        0.5833333333333334,
        0.5833333333333334,
        0.7083333333333334,
        0.7083333333333334,
        0.7916666666666666,
        0.7916666666666666,
        1.0
    ],
    "tpr": [
        0.0,
        0.01639344262295082,
        0.3114754098360656,
        0.3114754098360656,
        0.6229508196721312,
        0.6229508196721312,
        0.7540983606557377,
        0.7540983606557377,
        0.9016393442622951,
        0.9016393442622951,
        0.9180327868852459,
        0.9180327868852459,
        0.9508196721311475,
        0.9508196721311475,
        0.9672131147540983,
        0.9672131147540983,
        0.9836065573770492,
        0.9836065573770492,
        1.0,
        1.0
    ]
}