{
    "binaryAUC": 0.8831967213114754,
    "accuracy": 0.8588235378265381,
    "precision": 0.7307692170143127,
    "recall": 0.7916666865348816,
    "confusion_matrix": [
        [
            19.0,
            5.0
        ],
        [
            7.0,
            54.0
        ]
    ],
    "pixelAUC": 0.7019838135520579,
    "rdr": 0.26505690813064575
}